<?xml version="1.0" encoding="UTF-8"?>
<beans xmlns="http://www.springframework.org/schema/beans"
	xmlns:xsi="http://www.w3.org/2001/XMLSchema-instance" 
	xmlns:aop="http://www.springframework.org/schema/aop"	
	xmlns:context="http://www.springframework.org/schema/context"
	xmlns:util="http://www.springframework.org/schema/util"
	 xmlns:p="http://www.springframework.org/schema/p"
	 xmlns:tx="http://www.springframework.org/schema/tx"
	 xmlns:mvc="http://www.springframework.org/schema/mvc"
	xsi:schemaLocation="http://www.springframework.org/schema/beans 
	http://www.springframework.org/schema/beans/spring-beans-4.0.xsd
	 http://www.springframework.org/schema/context
     http://www.springframework.org/schema/context/spring-context-3.0.xsd
     http://www.springframework.org/schema/util 
     http://www.springframework.org/schema/util/spring-util-3.0.xsd
  http://www.springframework.org/schema/aop 
http://www.springframework.org/schema/aop/spring-aop.xsd
http://www.springframework.org/schema/mvc 
	http://www.springframework.org/schema/mvc/spring-mvc-3.2.xsd
	http://www.springframework.org/schema/tx 
		http://www.springframework.org/schema/tx/spring-tx-3.2.xsd">

<bean id="aviHomeAdd" class="com.cg.bean.Address">
	<property name="state" value="Uttar Pradesh" />
	<property name="city" value="Varanasi" />
	<property name="zipCode" value="233222" />
</bean>

<bean id="satOffAdd" class="com.cg.bean.Address">
	<property name="state" value="Maharastra" />
	<property name="city" value="Pune" />
	<property name="zipCode" value="202022" />
</bean>

<bean id="satHomeAdd" class="com.cg.bean.Address">
	<property name="state" value="Bihar" />
	<property name="city" value="MujaffarNagar" />
	<property name="zipCode" value="255222" />
</bean>

<bean id="aviObj" class="com.cg.bean.Employee">
	<property name="empId" value="101" />
	<property name="empName" value="Avinash" />
	<property name="empSal" value="2100.00" />
	<property name="empAdd" ref="aviHomeAdd" />
</bean>

<bean id="satObj" class="com.cg.bean.Emp">
	<property name="empId" value="10123" />
	<property name="empName" value="satyam" />
	<property name="empSal" value="25100.00" />
	<property name="empAdd" >
	<list>
	<ref bean="satOffAdd"/>
	<ref bean="satHomeAdd"/>
	</list>
	</property>
</bean>


</beans>
