<?xml version="1.0" encoding="UTF-8"?>
<beans xmlns="http://www.springframework.org/schema/beans"
	xmlns:xsi="http://www.w3.org/2001/XMLSchema-instance" 
	xmlns:aop="http://www.springframework.org/schema/aop"	
	xmlns:context="http://www.springframework.org/schema/context"
	xmlns:util="http://www.springframework.org/schema/util"
	 xmlns:p="http://www.springframework.org/schema/p"
	 xmlns:tx="http://www.springframework.org/schema/tx"
	 xmlns:mvc="http://www.springframework.org/schema/mvc"
	xsi:schemaLocation="http://www.springframework.org/schema/beans 
	http://www.springframework.org/schema/beans/spring-beans-4.0.xsd
	 http://www.springframework.org/schema/context
     http://www.springframework.org/schema/context/spring-context-3.0.xsd
     http://www.springframework.org/schema/util 
     http://www.springframework.org/schema/util/spring-util-3.0.xsd
  http://www.springframework.org/schema/aop 
http://www.springframework.org/schema/aop/spring-aop.xsd
http://www.springframework.org/schema/mvc 
	http://www.springframework.org/schema/mvc/spring-mvc-3.2.xsd
	http://www.springframework.org/schema/tx 
		http://www.springframework.org/schema/tx/spring-tx-3.2.xsd">
	
	<bean id="obj1" class="com.cg.bean.BirthDayGreeting" scope="singleton" 
	init-method="cgInit" destroy-method="cgDestroy">
		<property name="firstName" value="Avinash"/>
	</bean>
	<bean id="obj2" class="com.cg.bean.NewYearWish" scope="singleton">
		<property name="firstName" value="Rahul"/>
		<property name="year" value="2019"/>
	</bean>
	
	<!-- Constructor dependency injection -->
	<bean id="obj3" class="com.cg.bean.BirthDayGreeting">
		<constructor-arg value="Satyam"/>
	</bean>
	<!-- Constructor dependency injection -->
	<bean id="obj4" class="com.cg.bean.NewYearWish">
		<constructor-arg index="0" value="Satyam"/>
		<constructor-arg index="1" value="2020"/>
	</bean>
	
	
	
</beans>